token_	Corpus	Observations	p_value	Obs/Exp
	Emma	47	0.00427365382812	1.95833333333
lord	Sense and Sensibility	28	0.0137600126281	2.15384615385
tired	Northanger Abbey	17	0.0319471239626	2.42857142857
here	Northanger Abbey	88	0.0203854819805	1.41935483871
therefore	Sense and Sensibility	93	0.00205084395535	1.63157894737
want	Mansfield Park	101	0.0201544052941	1.38356164384
how	Emma	371	0.0145262589805	1.18530351438
wind	Northanger Abbey	11	0.0286809927218	3.66666666667
bates	Emma	126	2.35649840444e-16	4.5
moment	Northanger Abbey	76	0.0400210879247	1.38181818182
engagement	Sense and Sensibility	63	0.000253922900876	2.1724137931
master	Pride and Prejudice	25	0.00451824464908	2.77777777778
feeling	Mansfield Park	74	0.0463123947961	1.37037037037
exploring	Emma	11	0.0286838581818	3.66666666667
doors	Northanger Abbey	20	0.00957351190504	2.85714285714
letter	Pride and Prejudice	115	0.002260755269	1.53333333333
grove	Emma	31	0.000339521952249	3.44444444444
cousins	Mansfield Park	61	0.000186669981433	2.25925925926
coles	Emma	29	5.83739904732e-05	4.83333333333
best	Mansfield Park	102	0.00890190368719	1.45714285714
men	Northanger Abbey	38	0.012359634956	1.9
much	Emma	486	0.0343619120912	1.13023255814
child	Sense and Sensibility	39	0.0384435317012	1.625
any	Emma	655	3.28674378073e-09	1.42082429501
any	Sense and Sensibility	390	0.0480695454645	1.13372093023
campbells	Emma	34	3.43500309019e-05	4.25
exertion	Sense and Sensibility	21	0.0213805387481	2.33333333333
ease	Northanger Abbey	23	0.0287927152523	2.09090909091
had	Persuasion	1187	1.43043104778e-14	1.40307328605
beloved	Northanger Abbey	13	0.0481166046308	2.6
has	Pride and Prejudice	221	0.0326459099722	1.20765027322
chuse	Emma	24	0.0204743473426	2.18181818182
right	Mansfield Park	97	0.0386709854665	1.32876712329
old	Emma	83	0.0398447869467	1.3606557377
crowd	Northanger Abbey	11	0.0286809927218	3.66666666667
crown	Emma	26	0.000659001012382	3.71428571429
sure	Emma	204	0.0238155866283	1.23636363636
for	Sense and Sensibility	1260	0.000463562790474	1.14649681529
jane	Emma	281	4.38025620289e-16	2.32231404959
jane	Pride and Prejudice	263	1.55066893155e-20	2.85869565217
congratulations	Pride and Prejudice	12	0.0384015871793	3.0
proud	Pride and Prejudice	22	0.0147196034343	2.44444444444
gown	Northanger Abbey	18	0.00217043563402	4.5
elton	Emma	320	3.43049271197e-39	4.50704225352
honour	Pride and Prejudice	42	0.017778969366	1.75
anything	Northanger Abbey	67	0.00578480274686	1.675
anything	Mansfield Park	156	1.94076799831e-06	1.85714285714
so	Emma	972	0.00700991387947	1.12240184758
so	Northanger Abbey	473	0.0322039119253	1.13429256595
years	Persuasion	58	0.00571699490155	1.75757575758
square	Emma	12	0.0384027376509	3.0
neighbourhood	Pride and Prejudice	29	0.0362140116498	1.8125
quite	Emma	282	2.54257802316e-05	1.46113989637
modest	Mansfield Park	15	0.0391720868266	2.5
emotion	Sense and Sensibility	21	0.0213805387481	2.33333333333
sad	Emma	25	0.0364672540502	1.92307692308
say	Emma	312	0.00040519609885	1.33905579399
saw	Sense and Sensibility	114	0.0331438450053	1.31034482759
wanting	Emma	33	0.0491714632731	1.65
knew	Persuasion	61	0.0474702850335	1.41860465116
drive	Northanger Abbey	24	0.000714723961618	4.0
tears	Sense and Sensibility	23	0.0447538632038	1.91666666667
caroline	Pride and Prejudice	14	0.00636142530913	4.66666666667
thousand	Sense and Sensibility	47	0.0017700558838	2.13636363636
isabella	Northanger Abbey	131	1.6581453785e-21	6.55
newspaper	Mansfield Park	13	0.0481215709635	2.6
being	Persuasion	220	0.00402683439997	1.31736526946
being	Mansfield Park	364	0.0498563120008	1.1375
instrument	Emma	23	0.0287997723133	2.09090909091
world	Northanger Abbey	67	0.0181198746702	1.52272727273
world	Sense and Sensibility	93	0.029070091981	1.36764705882
act	Mansfield Park	45	0.0013118918647	2.25
eltons	Emma	89	7.03626126676e-12	4.45
her	Northanger Abbey	1562	0.00215618004406	1.11016346837
her	Sense and Sensibility	2543	3.64634495037e-08	1.16865808824
her	Mansfield Park	3128	0.00230671278353	1.07528360261
certain	Pride and Prejudice	55	0.00131908164599	2.03703703704
am	Emma	414	0.0333660899943	1.14364640884
am	Pride and Prejudice	317	0.0457462994083	1.15272727273
as	Mansfield Park	1702	0.00561062166942	1.09312780989
to	Sense and Sensibility	4104	0.0456499106094	1.03793626707
hughes	Northanger Abbey	14	0.00208954254293	7.0
joined	Pride and Prejudice	28	0.0480559121536	1.75
clock	Northanger Abbey	9	0.0107401984724	9.0
nurse	Persuasion	16	0.00221145922076	5.33333333333
seemed	Persuasion	93	0.0156532560977	1.43076923077
door	Northanger Abbey	43	0.0135435010889	1.79166666667
company	Persuasion	37	0.0239508405404	1.7619047619
autumn	Persuasion	10	0.0461362894411	3.33333333333
replied	Sense and Sensibility	102	0.00196712549231	1.59375
replied	Pride and Prejudice	103	0.00207917500648	1.58461538462
smiling	Emma	31	0.0427046710203	1.72222222222
likeness	Emma	21	0.00296129602033	3.5
always	Emma	238	0.00306154889387	1.31491712707
found	Persuasion	83	0.0081941028491	1.53703703704
upstairs	Mansfield Park	14	0.0317801743392	2.8
really	Emma	153	0.00690597233138	1.36607142857
belief	Pride and Prejudice	15	0.039170572007	2.5
imagine	Emma	55	0.0166961682142	1.61764705882
guess	Emma	25	0.0364672540502	1.92307692308
stairs	Sense and Sensibility	19	0.0435700793013	2.11111111111
marriage	Pride and Prejudice	66	0.0019291175892	1.83333333333
also	Pride and Prejudice	34	0.0182317888121	1.88888888889
play	Mansfield Park	70	2.29704218075e-05	2.41379310345
plan	Mansfield Park	41	0.0432021789968	1.57692307692
richmond	Emma	13	0.0245179318996	3.25
writes	Emma	10	0.0461393145552	3.33333333333
pleasures	Mansfield Park	21	0.0353709926939	2.1
let	Pride and Prejudice	75	0.0475826165127	1.36363636364
patty	Emma	12	0.017576048203	4.0
connexion	Emma	20	0.0493607261244	2.0
earnest	Sense and Sensibility	23	0.0287975294346	2.09090909091
person	Sense and Sensibility	68	0.0111335199148	1.58139534884
suffering	Persuasion	18	0.0377480268162	2.25
be	Emma	1975	0.00445984015279	1.08875413451
by	Northanger Abbey	472	0.000683447890463	1.24867724868
by	Sense and Sensibility	745	5.25994179806e-06	1.27568493151
into	Northanger Abbey	127	0.00713758038096	1.41111111111
vicarage	Emma	17	0.00359778303453	4.25
up	Mansfield Park	216	0.0391461180708	1.2
us	Pride and Prejudice	123	0.0457595366389	1.26804123711
likewise	Sense and Sensibility	26	0.0100321929501	2.36363636364
miles	Northanger Abbey	22	0.025039478356	2.2
dislike	Pride and Prejudice	23	0.0447540821068	1.91666666667
resources	Emma	10	0.0461393145552	3.33333333333
continued	Sense and Sensibility	56	0.0394583959079	1.47368421053
marry	Emma	64	0.0334822811261	1.45454545455
odd	Northanger Abbey	20	0.00957351190504	2.85714285714
charade	Emma	21	0.00124647797185	4.2
great	Emma	265	0.0180467195342	1.21559633028
receive	Pride and Prejudice	28	0.0217702876159	2.0
thats	Emma	18	0.0377534730318	2.25
confidence	Sense and Sensibility	31	0.0199833388687	1.9375
doubt	Emma	98	0.00273946558353	1.58064516129
highbury	Emma	125	3.86565652149e-16	4.46428571429
of	Persuasion	2565	0.037558097107	1.0512295082
isabellas	Northanger Abbey	25	5.17864249908e-05	6.25
lock	Northanger Abbey	10	0.0461358056962	3.33333333333
greatly	Northanger Abbey	16	0.046557729889	2.28571428571
ladies	Pride and Prejudice	74	0.000931087977018	1.85
produced	Sense and Sensibility	26	0.0403326154427	1.85714285714
length	Pride and Prejudice	32	0.00567199255664	2.28571428571
scene	Mansfield Park	24	0.0494261494864	1.84615384615
affliction	Sense and Sensibility	16	0.0132986041818	3.2
good-humour	Mansfield Park	17	0.00359777994522	4.25
goddard	Emma	25	0.00043871481136	4.16666666667
heavens	Northanger Abbey	14	0.00636056699343	4.66666666667
hawkins	Emma	17	0.00359778303453	4.25
ball	Pride and Prejudice	34	0.0379361902378	1.7
off	Persuasion	69	0.0492017192698	1.38
less	Sense and Sensibility	97	0.0144548322131	1.42647058824
rooms	Northanger Abbey	29	0.000827970246494	3.22222222222
clergyman	Mansfield Park	25	0.00451880307516	2.77777777778
emma	Emma	785	2.32759506677e-93	4.48571428571
poor	Emma	136	0.00335730630414	1.44680851064
does	Emma	130	0.0115746855312	1.36842105263
sister	Sense and Sensibility	219	1.38532462369e-08	1.87179487179
sister	Pride and Prejudice	178	0.000365825002065	1.49579831933
insufficient	Pride and Prejudice	10	0.0461382814661	3.33333333333
entered	Northanger Abbey	31	0.0426918816913	1.72222222222
count	Mansfield Park	10	0.0192853460886	5.0
weston	Emma	388	3.31238375547e-47	4.51162790698
inn	Persuasion	13	0.0245152048231	3.25
monday	Northanger Abbey	12	0.0383988301202	3.0
compassion	Sense and Sensibility	20	0.0493580447517	2.0
daughter	Pride and Prejudice	77	0.000266242191107	1.97435897436
word	Emma	94	0.0162154988392	1.42424242424
work	Mansfield Park	48	0.0101419134552	1.77777777778
worn	Mansfield Park	15	0.0391720868266	2.5
after	Sense and Sensibility	202	0.0203189964317	1.24691358025
after	Pride and Prejudice	200	0.0373862538919	1.21212121212
then	Pride and Prejudice	175	0.0315277442662	1.24113475177
them	Sense and Sensibility	468	0.000340815703458	1.26829268293
them	Pride and Prejudice	435	0.0206397661391	1.15691489362
they	Northanger Abbey	382	0.0104796556786	1.19375
they	Pride and Prejudice	601	0.00208753089991	1.1900990099
they	Persuasion	432	0.000983132807883	1.25217391304
forth	Northanger Abbey	13	0.0481166046308	2.6
john	Emma	88	0.0204107436969	1.41935483871
john	Sense and Sensibility	148	1.11009607973e-13	3.14893617021
painful	Sense and Sensibility	24	0.0326126160761	2.0
manner	Pride and Prejudice	98	0.00596633675899	1.50769230769
latter	Sense and Sensibility	25	0.0364643700953	1.92307692308
aunt	Pride and Prejudice	78	0.00132775366245	1.77272727273
aunt	Mansfield Park	120	1.93788832874e-06	2.06896551724
notion	Northanger Abbey	12	0.0383988301202	3.0
nephew	Pride and Prejudice	20	0.00957538833562	2.85714285714
do	Emma	637	0.000175489361881	1.23689320388
de	Pride and Prejudice	39	9.13886956384e-07	5.57142857143
dr	Mansfield Park	57	7.60841784007e-07	3.5625
received	Pride and Prejudice	61	0.0229995705629	1.525
evil	Mansfield Park	47	0.0252125745901	1.62068965517
the	Northanger Abbey	3166	2.52456743046e-06	1.12309329549
the	Persuasion	3326	0.000109904321108	1.09552042161
the	Mansfield Park	6208	0.00023012008655	1.06483704974
musical	Emma	14	0.0317801875562	2.8
was	Mansfield Park	2659	0.00640304852482	1.07174526401
war	Persuasion	7	0.0351529664198	7.0
true	Emma	66	0.0131991395779	1.57142857143
absent	Mansfield Park	22	0.0400639072895	2.0
brunswick	Emma	11	0.0112291633418	5.5
brothers	Northanger Abbey	29	0.00574850768552	2.41666666667
brothers	Mansfield Park	44	0.0147380426315	1.76
dance	Northanger Abbey	34	0.00154164161685	2.61538461538
muslin	Northanger Abbey	10	0.019283462778	5.0
churchill	Emma	193	3.40478404215e-24	4.48837209302
marked	Pride and Prejudice	13	0.0481201199207	2.6
live	Sense and Sensibility	36	0.0150050969792	1.89473684211
heart	Northanger Abbey	72	0.0283626003974	1.44
heart	Sense and Sensibility	127	0.000282838194249	1.64935064935
write	Pride and Prejudice	39	0.0384438950787	1.625
staircase	Northanger Abbey	11	0.0286809927218	3.66666666667
indeed	Emma	202	0.0018822804043	1.37414965986
raised	Northanger Abbey	13	0.0481166046308	2.6
cold	Emma	54	0.00401431838604	1.86206896552
not	Emma	2151	4.40058805599e-05	1.1309148265
hall	Persuasion	28	0.000595918456598	3.5
nor	Sense and Sensibility	88	0.0251876478768	1.39682539683
invitation	Sense and Sensibility	32	0.0459400003893	1.68421052632
invitation	Pride and Prejudice	34	0.0267065029242	1.78947368421
directly	Northanger Abbey	36	0.0313442310403	1.71428571429
silent	Sense and Sensibility	37	0.0239567082776	1.7619047619
friend	Emma	166	0.024111373024	1.26717557252
friend	Northanger Abbey	95	0.00667703959839	1.50793650794
that	Pride and Prejudice	1579	5.3466923987e-05	1.15339663988
than	Sense and Sensibility	362	0.0382891799612	1.14920634921
apples	Emma	15	0.00960368005311	3.75
price	Mansfield Park	106	2.25085022487e-13	4.24
forever	Northanger Abbey	9	0.0107401984724	9.0
mrs	Emma	701	4.59701720292e-06	1.28860294118
mrs	Sense and Sensibility	530	2.36288254041e-05	1.30864197531
concert	Persuasion	20	0.000243937862977	6.66666666667
blame	Pride and Prejudice	16	0.046562151148	2.28571428571
williams	Mansfield Park	22	0.00805996383135	2.75
etc	Pride and Prejudice	13	0.0245170005856	3.25
gentlemen	Pride and Prejudice	35	0.0054826649268	2.1875
inquiry	Sense and Sensibility	20	0.0493580447517	2.0
struck	Northanger Abbey	22	0.0400556308172	2.0
read	Northanger Abbey	45	0.00516053225921	1.95652173913
lady	Pride and Prejudice	183	0.0069335860445	1.32608695652
lady	Persuasion	214	3.1172339143e-12	2.27659574468
pounds	Sense and Sensibility	41	0.000342299019842	2.73333333333
twelve	Northanger Abbey	13	0.0245147687481	3.25
your	Sense and Sensibility	385	0.0119798148518	1.18827160494
your	Pride and Prejudice	456	3.82410723897e-06	1.38181818182
cottage	Sense and Sensibility	61	2.82050961658e-07	3.58823529412
trying	Mansfield Park	46	0.0024494447664	2.09090909091
you	Emma	1999	1.48447498345e-06	1.16559766764
you	Northanger Abbey	918	0.0151126841718	1.1100362757
building	Northanger Abbey	12	0.0175738154404	4.0
very	Emma	1212	4.72081381392e-17	1.44802867384
smith	Emma	78	5.19736516051e-05	2.16666666667
smith	Persuasion	61	6.31353808173e-07	3.38888888889
family	Pride and Prejudice	152	0.000294821982421	1.56701030928
history	Persuasion	16	0.0262317049466	2.66666666667
acquaintance	Persuasion	61	0.0132402141297	1.60526315789
a	Emma	3126	0.0204904583373	1.05358948433
a	Northanger Abbey	1534	0.0280388559152	1.07272727273
a	Mansfield Park	3096	0.0366599224798	1.04700710179
blush	Emma	22	0.0400639336075	2.0
bustle	Mansfield Park	18	0.0377534530155	2.25
help	Mansfield Park	63	0.03220972332	1.46511627907
soon	Pride and Prejudice	216	0.0309843999555	1.21348314607
surprized	Emma	32	3.50939272016e-05	4.57142857143
actually	Emma	29	0.0362171657353	1.8125
robert	Emma	32	0.00567290685112	2.28571428571
robert	Sense and Sensibility	30	0.00216038099855	2.72727272727
dirt	Northanger Abbey	9	0.0327101551967	4.5
miss	Emma	602	1.54343037891e-09	1.45762711864
maple	Emma	31	5.80325184155e-05	4.42857142857
horse	Northanger Abbey	24	0.00166192662721	3.42857142857
emmas	Emma	79	1.35246466374e-10	4.38888888889
grey	Sense and Sensibility	9	0.0327118123188	4.5
bride	Emma	13	0.0245179318996	3.25
darted	Northanger Abbey	7	0.035152713836	7.0
during	Pride and Prejudice	27	0.0442011057317	1.8
alteration	Sense and Sensibility	15	0.0391704503087	2.5
horrid	Northanger Abbey	9	0.0327101551967	4.5
both	Sense and Sensibility	93	0.00995277638791	1.47619047619
liked	Pride and Prejudice	27	0.0192307751534	2.07692307692
along	Northanger Abbey	15	0.0391669022496	2.5
grant	Mansfield Park	134	2.35873940942e-16	4.1875
within	Sense and Sensibility	59	0.0442797679517	1.43902439024
william	Mansfield Park	124	1.32208426402e-10	2.88372093023
e	Emma	10	0.0461393145552	3.33333333333
ignorant	Pride and Prejudice	16	0.046562151148	2.28571428571
go	Northanger Abbey	109	0.00462338322796	1.49315068493
oclock	Northanger Abbey	16	0.0132968303238	3.2
kitty	Pride and Prejudice	69	3.49338554114e-11	5.75
maam	Sense and Sensibility	37	0.00274062371276	2.3125
colonel	Sense and Sensibility	165	1.5485667382e-16	3.4375
melancholy	Sense and Sensibility	21	0.0353687068471	2.1
charming	Northanger Abbey	23	0.0287927152523	2.09090909091
frequently	Pride and Prejudice	23	0.010026798562	2.55555555556
catherine	Northanger Abbey	428	3.05113405923e-71	7.37931034483
signify	Northanger Abbey	11	0.0286809927218	3.66666666667
relations	Pride and Prejudice	24	0.0121483707315	2.4
bed	Northanger Abbey	18	0.0377471559317	2.25
bed	Sense and Sensibility	25	0.0364643700953	1.92307692308
pianoforte	Emma	22	0.0147208255823	2.44444444444
but	Emma	1441	0.00406382479464	1.10675883257
affair	Sense and Sensibility	28	0.0025471107397	2.8
state	Mansfield Park	70	0.0263523903366	1.45833333333
party	Persuasion	61	0.0296614167956	1.48780487805
scarcely	Pride and Prejudice	45	0.0402305049511	1.55172413793
i	Emma	3191	4.60980387518e-12	1.19378974935
well	Emma	384	0.00559411564157	1.21518987342
martin	Emma	72	5.92881756625e-10	4.5
library	Pride and Prejudice	23	0.000455823521905	4.6
shew	Emma	28	0.0217724450313	2.0
equally	Sense and Sensibility	40	0.0067388717658	2.0
he	Emma	1811	0.000799314130968	1.11377613776
he	Pride and Prejudice	1336	0.0236915933024	1.08178137652
he	Persuasion	961	0.00301555461226	1.13862559242
captain	Persuasion	303	3.59177129822e-52	7.76923076923
whose	Pride and Prejudice	59	0.0442803917358	1.43902439024
sweetest	Northanger Abbey	10	0.019283462778	5.0
clothes	Pride and Prejudice	13	0.0245170005856	3.25
new	Northanger Abbey	42	0.0084178606091	1.90909090909
ever	Sense and Sensibility	169	0.0332775165829	1.24264705882
never	Emma	358	0.0160145536588	1.18543046358
calm	Sense and Sensibility	18	0.0377514653552	2.25
tell	Sense and Sensibility	90	0.0217662173638	1.40625
room	Northanger Abbey	92	0.0095452970469	1.48387096774
rights	Persuasion	10	0.0461362894411	3.33333333333
faults	Mansfield Park	21	0.0353709926939	2.1
personal	Persuasion	13	0.0481172914766	2.6
better	Emma	173	0.0399517606326	1.22695035461
batess	Emma	22	0.000756529958794	4.4
girls	Pride and Prejudice	45	0.0033669922676	2.04545454545
bodys	Emma	29	0.000156160350129	4.14285714286
street	Northanger Abbey	42	0.00133271375302	2.33333333333
street	Sense and Sensibility	48	0.0101394561856	1.77777777778
niece	Mansfield Park	41	0.00310641454149	2.15789473684
alarm	Northanger Abbey	22	0.025039478356	2.2
liberty	Sense and Sensibility	19	0.0435700793013	2.11111111111
bad	Emma	60	0.021921429065	1.53846153846
said	Sense and Sensibility	397	0.0160354647213	1.17455621302
said	Pride and Prejudice	401	0.0218232773432	1.16231884058
cousin	Mansfield Park	81	1.92700662934e-05	2.25
interest	Persuasion	43	0.0360890990641	1.59259259259
near	Persuasion	45	0.0112174149133	1.8
is	Emma	1243	4.90679030643e-05	1.17708333333
it	Emma	2529	9.26162959926e-05	1.11360634082
cant	Sense and Sensibility	10	0.0192847516305	5.0
in	Sense and Sensibility	1948	0.0443102606543	1.05697232773
in	Persuasion	1382	0.0278175927791	1.07716289945
if	Emma	485	0.0316994521097	1.13317757009
make	Pride and Prejudice	167	0.0323866973023	1.24626865672
unfortunate	Sense and Sensibility	23	0.0026100725272	3.28571428571
left	Sense and Sensibility	98	0.0096002843846	1.46268656716
just	Emma	169	0.00848551212387	1.33070866142
character	Persuasion	49	0.0373588202559	1.53125
deal	Emma	92	0.0282974218866	1.37313432836
dear	Emma	241	0.00277163672151	1.31693989071
amiable	Pride and Prejudice	36	0.0220111976662	1.8
amazingly	Northanger Abbey	16	0.000655735512658	8.0
aunts	Mansfield Park	31	0.00072475147006	3.1
father	Emma	166	0.00665505078946	1.34959349593
father	Persuasion	94	0.0103468002745	1.46875
suffered	Sense and Sensibility	27	0.0192306246307	2.07692307692
me	Emma	583	0.0170211425526	1.138671875
me	Sense and Sensibility	444	0.0167147411943	1.16230366492
me	Pride and Prejudice	448	0.0222777357496	1.15167095116
henry	Northanger Abbey	98	2.47005724983e-11	3.76923076923
henry	Mansfield Park	120	3.06789001534e-07	2.22222222222
box	Emma	23	0.0100277614254	2.55555555556
useful	Mansfield Park	38	0.0052240837379	2.11111111111
merely	Pride and Prejudice	33	0.0491670756524	1.65
soul	Sense and Sensibility	20	0.017843744527	2.5
mad	Emma	11	0.0286838581818	3.66666666667
man	Emma	218	0.0446025427171	1.1912568306
man	Persuasion	123	0.0335120109197	1.29473684211
description	Persuasion	16	0.0132971887926	3.2
living	Sense and Sensibility	35	0.0406956308255	1.66666666667
thing	Emma	398	3.50638422314e-22	2.32748538012
thing	Sense and Sensibility	185	0.000749014311973	1.4453125
think	Emma	384	0.00869594267585	1.2
little	Emma	361	0.00231539424592	1.25347222222
were	Pride and Prejudice	566	0.0406309577284	1.11417322835
were	Persuasion	425	0.00272013889871	1.22478386167
show	Northanger Abbey	10	0.0461358056962	3.33333333333
randalls	Emma	91	2.60586338929e-12	4.55
declared	Sense and Sensibility	27	0.0118457307471	2.25
among	Persuasion	39	0.0279258876383	1.69565217391
sensible	Persuasion	27	0.044194769087	1.8
those	Persuasion	72	0.0136620842982	1.53191489362
sudden	Northanger Abbey	19	0.043565051556	2.11111111111
same	Persuasion	83	0.0326576914804	1.38333333333
weymouth	Emma	17	0.00844844055139	3.4
astonishment	Pride and Prejudice	30	0.0113083896548	2.14285714286
acquainted	Persuasion	27	0.044194769087	1.8
chamber	Northanger Abbey	9	0.0327101551967	4.5
lodgings	Persuasion	11	0.0286813877637	3.66666666667
affection	Sense and Sensibility	79	0.00144051774658	1.75555555556
general	Northanger Abbey	130	2.27812748828e-11	2.95454545455
woodhouses	Emma	40	4.62495416357e-06	4.44444444444
tranquillity	Mansfield Park	19	0.0435723982553	2.11111111111
difference	Mansfield Park	46	0.0319594283337	1.58620689655
mothers	Sense and Sensibility	49	0.000545720077247	2.33333333333
speeches	Mansfield Park	19	0.00731476778975	3.16666666667
misery	Sense and Sensibility	28	0.0329849176197	1.86666666667
eye	Northanger Abbey	31	0.0129371095373	2.06666666667
distinct	Emma	10	0.0461393145552	3.33333333333
town	Sense and Sensibility	86	1.5814120586e-05	2.20512820513
town	Pride and Prejudice	64	0.011808012177	1.6
hour	Northanger Abbey	56	0.0033294509311	1.86666666667
coming	Emma	89	0.0317059157084	1.36923076923
churchills	Emma	45	1.02669858884e-06	4.5
through	Northanger Abbey	49	0.0283003399646	1.58064516129
good	Emma	314	0.0340339914583	1.16728624535
oxford	Northanger Abbey	13	0.0106321438785	4.33333333333
house	Sense and Sensibility	148	0.0125116765616	1.33333333333
idea	Emma	100	0.00824262385796	1.47058823529
harp	Mansfield Park	13	0.0481215709635	2.6
lovers	Mansfield Park	15	0.0391720868266	2.5
acting	Mansfield Park	40	0.000507428072119	2.66666666667
dont	Sense and Sensibility	24	0.0326126160761	2.0
twenty	Northanger Abbey	19	0.0144730143152	2.71428571429
mama	Sense and Sensibility	24	0.000272856627035	4.8
park	Sense and Sensibility	52	0.00139735768816	2.08
park	Mansfield Park	68	0.000492360483758	2.0
part	Mansfield Park	138	0.000892671857305	1.53333333333
orders	Mansfield Park	23	0.0287997499359	2.09090909091
extremely	Emma	66	3.22582947241e-05	2.44444444444
express	Pride and Prejudice	24	0.0494231145167	1.84615384615
please	Emma	35	0.0290213723008	1.75
ireland	Emma	14	0.0154396030717	3.5
discourse	Sense and Sensibility	19	0.00731413363067	3.16666666667
spent	Sense and Sensibility	38	0.0123643644623	1.9
dixon	Emma	39	7.60041962297e-06	4.33333333333
easter	Mansfield Park	12	0.0384027252609	3.0
addressed	Pride and Prejudice	17	0.0319508542639	2.42857142857
often	Pride and Prejudice	89	0.0169776641858	1.43548387097
back	Persuasion	68	0.00325034704867	1.74358974359
hoped	Mansfield Park	56	0.039465803029	1.47368421053
sort	Emma	112	0.000253716379137	1.72307692308
calmness	Sense and Sensibility	17	0.0173405561897	2.83333333333
papa	Emma	33	0.000629546324702	3.0
presently	Emma	22	0.0250455667104	2.2
putting	Persuasion	12	0.0383993688104	3.0
ride	Mansfield Park	17	0.0319523940618	2.42857142857
body	Emma	164	5.11245656638e-15	3.15384615385
others	Persuasion	58	0.0334862164509	1.48717948718
lamp	Northanger Abbey	10	0.00585798586358	10.0
mention	Pride and Prejudice	30	0.0270267448815	1.875
wholly	Pride and Prejudice	26	0.0100322816709	2.36363636364
frank	Emma	200	2.15435500433e-24	4.34782608696
explanation	Northanger Abbey	16	0.046557729889	2.28571428571
nobody	Emma	72	0.00317118303672	1.71428571429
have	Emma	1321	0.00110876485871	1.13099315068
unless	Pride and Prejudice	20	0.0307065202892	2.22222222222
beau	Sense and Sensibility	10	0.0192847516305	5.0
hartfield	Emma	159	2.16714727965e-20	4.54285714286
janes	Pride and Prejudice	28	0.000596141088847	3.5
taking	Mansfield Park	48	0.0464355410038	1.5
ah	Emma	48	0.000260463841153	2.52631578947
worthy	Emma	18	0.0377534730318	2.25
value	Persuasion	19	0.0435660676084	2.11111111111
partner	Northanger Abbey	25	0.00105012431446	3.57142857143
sisters	Sense and Sensibility	100	0.000519303927054	1.72413793103
sisters	Pride and Prejudice	114	2.56624960985e-05	1.9
judgment	Mansfield Park	42	0.024888144355	1.68
thought	Emma	226	0.0306029010816	1.20855614973
grandmama	Emma	11	0.0112291633418	5.5
like	Emma	197	0.0217226334411	1.24683544304
hair	Sense and Sensibility	18	0.0377514653552	2.25
about	Emma	249	0.0216574956687	1.21463414634
esteem	Sense and Sensibility	18	0.0216372350921	2.57142857143
repeated	Sense and Sensibility	28	0.0480556262387	1.75
minutes	Northanger Abbey	51	0.00914310684393	1.75862068966
pride	Pride and Prejudice	47	0.000377443488526	2.47368421053
every	Emma	435	2.63544558532e-05	1.34674922601
every	Sense and Sensibility	376	2.93994036715e-08	1.5601659751
harriet	Emma	415	6.25281414191e-50	4.4623655914
fairfax	Emma	210	4.28510204708e-26	4.46808510638
feelings	Mansfield Park	149	0.0380828734562	1.25210084034
would	Emma	820	0.0061541023599	1.13730929265
grief	Sense and Sensibility	12	0.0384014957725	3.0
must	Emma	571	0.000425541793541	1.23326133909
mr	Emma	1154	1.89291920795e-30	1.7223880597
mr	Pride and Prejudice	786	5.8612726106e-15	1.5442043222
my	Sense and Sensibility	628	0.00310827027533	1.17602996255
my	Pride and Prejudice	719	4.41071814219e-07	1.32169117647
elizabeth	Pride and Prejudice	597	2.39045354248e-79	5.14655172414
london	Pride and Prejudice	55	0.0378525504027	1.48648648649
saturday	Pride and Prejudice	17	0.0173406363579	2.83333333333
driving	Northanger Abbey	10	0.0461358056962	3.33333333333
wanted	Emma	76	0.0207988506683	1.46153846154
suckling	Emma	12	0.017576048203	4.0
days	Mansfield Park	82	0.0387937042498	1.36666666667
tom	Mansfield Park	79	1.35243812614e-10	4.38888888889
further	Northanger Abbey	22	0.00185808593062	3.66666666667
further	Pride and Prejudice	21	0.0353688767997	2.1
snow	Emma	16	0.00590769912577	4.0
though	Sense and Sensibility	216	0.0309823838188	1.21348314607
though	Pride and Prejudice	226	0.0144625736934	1.24861878453
watch	Northanger Abbey	12	0.0383988301202	3.0
wallis	Persuasion	30	3.07637160544e-06	7.5
wedding	Pride and Prejudice	14	0.0317789625227	2.8
farther	Sense and Sensibility	49	0.0153796915902	1.68965517241
henrys	Northanger Abbey	26	2.96930323769e-05	6.5
however	Northanger Abbey	99	0.0479178015334	1.30263157895
however	Sense and Sensibility	155	0.0145337919287	1.31355932203
news	Pride and Prejudice	32	0.0459403242468	1.68421052632
expense	Mansfield Park	24	0.0326151503544	2.0
been	Persuasion	496	2.22491743283e-05	1.32266666667
several	Pride and Prejudice	23	0.0447540821068	1.91666666667
mother	Sense and Sensibility	204	2.64205461848e-12	2.34482758621
campbell	Emma	43	6.99549999566e-06	3.90909090909
gave	Sense and Sensibility	71	0.0216081944621	1.47916666667
regiment	Pride and Prejudice	19	0.00129916301026	4.75
bath	Northanger Abbey	83	4.24103106671e-09	3.45833333333
bath	Persuasion	101	2.47090101281e-12	4.04
uncle	Pride and Prejudice	59	0.00304805399989	1.84375
uncle	Mansfield Park	97	1.74788529593e-06	2.30952380952
when	Pride and Prejudice	374	0.0148524178782	1.1835443038
younger	Pride and Prejudice	30	0.00216041139072	2.72727272727
to-day	Emma	25	0.0235092139673	2.08333333333
coach	Pride and Prejudice	10	0.0461382814661	3.33333333333
particular	Sense and Sensibility	46	0.0236794261693	1.64285714286
brother	Northanger Abbey	101	7.35593174146e-07	2.3488372093
pork	Emma	11	0.0286838581818	3.66666666667
name	Persuasion	41	0.043187049914	1.57692307692
place	Persuasion	84	0.0110495828017	1.5
and	Persuasion	2780	0.00385718166257	1.07460378817
and	Mansfield Park	5426	2.71179715682e-06	1.09197021534
uncles	Mansfield Park	27	0.00692371118281	2.45454545455
expectation	Sense and Sensibility	26	0.0403326154427	1.85714285714
obliging	Emma	34	0.00275587639613	2.42857142857
its	Northanger Abbey	101	0.024463722172	1.36486486486
arrival	Sense and Sensibility	35	0.0201005947745	1.84210526316
come	Emma	171	0.0225664552032	1.26666666667
myself	Sense and Sensibility	103	0.00923390344091	1.45070422535
longing	Mansfield Park	14	0.0317801743392	2.8
without	Mansfield Park	270	0.049148930743	1.16379310345
violent	Sense and Sensibility	15	0.0391704503087	2.5
goddards	Emma	34	3.43500309019e-05	4.25
on	Sense and Sensibility	696	0.00567650239215	1.15231788079
on	Pride and Prejudice	715	0.003233217105	1.16260162602
dixons	Emma	10	0.0192853520771	5.0
oh	Emma	193	0.000132587315207	1.51968503937
or	Mansfield Park	583	0.00522947867911	1.17068273092
there	Emma	551	0.0413322519427	1.11538461538
there	Mansfield Park	585	0.00248024088791	1.18902439024
taylor	Emma	41	7.35799004355e-06	4.1
perry	Emma	74	2.18152294313e-10	4.625
all	Persuasion	527	0.00554374389731	1.17897091723
apartment	Northanger Abbey	16	0.00221137729689	5.33333333333
westons	Emma	59	5.0524123395e-08	4.21428571429
woman	Emma	123	0.0202208227899	1.33695652174
ten	Northanger Abbey	37	0.00721830822788	2.05555555556
design	Pride and Prejudice	22	0.00406319288142	3.14285714286
what	Pride and Prejudice	478	0.0222242962561	1.14628297362
behaviour	Sense and Sensibility	64	0.000182424702357	2.20689655172
behaviour	Pride and Prejudice	55	0.00301467568306	1.89655172414
enscombe	Emma	36	1.2709049738e-05	4.5
rather	Emma	146	0.00467382427689	1.40384615385
avenue	Mansfield Park	9	0.0327125766376	4.5
inquiries	Pride and Prejudice	23	0.010026798562	2.55555555556
abbey	Northanger Abbey	36	4.46959338442e-06	5.14285714286
strange	Northanger Abbey	22	0.0147166746832	2.44444444444
surprize	Emma	37	7.67716150823e-06	4.625
expect	Northanger Abbey	27	0.0441932303125	1.8
undertake	Mansfield Park	11	0.0286838490836	3.66666666667
consequence	Persuasion	33	0.0244197618445	1.83333333333
feel	Mansfield Park	128	0.00485282574035	1.43820224719
donwell	Emma	49	3.77225207238e-07	4.45454545455
passed	Northanger Abbey	51	0.0409851983694	1.5
kind	Sense and Sensibility	95	0.00400617433937	1.55737704918
added	Pride and Prejudice	71	0.00293944437898	1.73170731707
nothing	Mansfield Park	302	0.0379188963898	1.16602316602
his	Pride and Prejudice	1270	2.15512220831e-08	1.25867195243
him	Pride and Prejudice	764	2.80164951146e-05	1.24429967427
are	Emma	455	0.0195763014437	1.15482233503
are	Northanger Abbey	227	0.0386934922398	1.19473684211
arm	Northanger Abbey	19	0.00731275878742	3.16666666667
harbour	Mansfield Park	11	0.0286838490836	3.66666666667
civility	Pride and Prejudice	42	0.000430293911837	2.625
daughters	Pride and Prejudice	57	0.00109552617679	2.03571428571
endeavour	Pride and Prejudice	21	0.0353688767997	2.1
fairfaxs	Emma	31	5.80325184155e-05	4.42857142857
anne	Persuasion	445	4.83020672603e-78	8.24074074074
johns	Sense and Sensibility	16	0.00221178269693	5.33333333333
nash	Emma	13	0.0106338183954	4.33333333333
degree	Emma	56	0.0306742051356	1.51351351351
from	Sense and Sensibility	541	0.00742113870186	1.16846652268
clever	Emma	27	0.0442043919322	1.8
inclined	Mansfield Park	22	0.0400639072895	2.0
heir	Persuasion	12	0.0064679258292	6.0
indulgence	Mansfield Park	24	0.0326151503544	2.0
something	Mansfield Park	148	0.0325157096625	1.26495726496
larkins	Emma	12	0.017576048203	4.0
sir	Persuasion	149	0.000190892817679	1.60215053763
sir	Mansfield Park	373	3.13927814727e-17	2.09550561798
fortunate	Emma	27	0.0118471620503	2.25
knightley	Emma	356	2.07665007629e-43	4.50632911392
martins	Emma	26	0.000267364011983	4.33333333333
dearest	Northanger Abbey	20	0.049352289201	2.0
looks	Mansfield Park	43	0.0479434123742	1.53571428571
superior	Emma	59	0.000132984082032	2.36
choose	Pride and Prejudice	19	0.00731418078244	3.16666666667
woodhouse	Emma	277	6.59124852024e-34	4.46774193548
harriets	Emma	91	2.60586338929e-12	4.55
conversation	Pride and Prejudice	61	0.0175814189413	1.5641025641
their	Sense and Sensibility	496	1.81367040987e-06	1.37777777778
their	Pride and Prejudice	443	0.00413021674236	1.20708446866
their	Persuasion	293	0.0390936655671	1.16733067729
sea	Persuasion	18	0.00530841140919	3.6
afraid	Emma	65	0.0274338587788	1.47727272727
which	Sense and Sensibility	593	0.010187369412	1.15145631068
which	Persuasion	414	0.0235877546626	1.15642458101
married	Sense and Sensibility	54	0.0278664476025	1.54285714286
married	Pride and Prejudice	61	0.00718516465783	1.69444444444
cole	Emma	49	3.77225207238e-07	4.45454545455
closed	Northanger Abbey	16	0.02623111343	2.66666666667
walk	Northanger Abbey	49	0.0110003203923	1.75
will	Emma	559	0.0163598231202	1.14314928425
cried	Pride and Prejudice	91	0.0403049085028	1.33823529412
console	Pride and Prejudice	9	0.0327118691626	4.5
james	Northanger Abbey	52	2.58684572689e-09	6.5
because	Sense and Sensibility	66	0.04493926539	1.40425531915
fords	Emma	10	0.0192853520771	5.0
knightleys	Emma	40	4.62495416357e-06	4.44444444444
own	Sense and Sensibility	272	0.0409636356055	1.1724137931
clifton	Northanger Abbey	11	0.00317289047823	11.0
weather	Emma	40	0.0214681117999	1.73913043478
volume	Northanger Abbey	10	0.0461358056962	3.33333333333
eleanors	Northanger Abbey	13	0.000915132338836	13.0
tilney	Northanger Abbey	196	4.03070532344e-37	9.33333333333
allen	Northanger Abbey	116	7.49536708057e-23	9.66666666667
clay	Persuasion	57	3.79092677331e-11	8.14285714286
annes	Persuasion	50	5.06203644624e-10	8.33333333333
curate	Persuasion	7	0.0351529664198	7.0
castle	Northanger Abbey	10	0.00585798586358	10.0
relationship	Pride and Prejudice	12	0.0384015871793	3.0
morland	Northanger Abbey	125	1.81169208469e-24	9.61538461538
connection	Sense and Sensibility	22	0.0147195063194	2.44444444444
connection	Pride and Prejudice	20	0.0307065202892	2.22222222222
surprised	Pride and Prejudice	35	0.0201008045016	1.84210526316
procured	Sense and Sensibility	12	0.0384014957725	3.0
louisas	Persuasion	12	0.00170841273162	12.0
edward	Sense and Sensibility	220	3.3877455391e-33	5.94594594595
chapel	Mansfield Park	14	0.0154395952629	3.5
udolpho	Northanger Abbey	18	0.00020106715034	9.0
pump-room	Northanger Abbey	23	9.7022674065e-06	11.5
baronet	Persuasion	10	0.0192837232458	5.0
east	Mansfield Park	22	0.00185885899889	3.66666666667
hills	Sense and Sensibility	12	0.0175753385879	4.0
frederick	Persuasion	22	0.000266510538604	5.5
supported	Sense and Sensibility	15	0.0391704503087	2.5
wont	Sense and Sensibility	15	0.00960308974357	3.75
tomorrow	Northanger Abbey	15	0.00376726054439	5.0
tomorrow	Sense and Sensibility	15	0.0206905602192	3.0
prettiest	Northanger Abbey	8	0.0195285221411	8.0
assembly	Pride and Prejudice	9	0.0327118691626	4.5
milsom	Northanger Abbey	11	0.0112277599035	5.5
charlotte	Pride and Prejudice	68	1.58896192135e-09	4.53333333333
everybody	Mansfield Park	66	0.000591587769666	2.0
heroine	Northanger Abbey	17	0.000364052678015	8.5
morlands	Northanger Abbey	29	1.27530280834e-06	9.66666666667
torment	Northanger Abbey	8	0.0195285221411	8.0
gallery	Northanger Abbey	16	0.000655735512658	8.0
allens	Northanger Abbey	33	5.40763104574e-07	8.25
maria	Mansfield Park	108	3.29688917563e-12	3.72413793103
generals	Northanger Abbey	24	2.45829159276e-05	8.0
northampton	Mansfield Park	12	0.0175760411212	4.0
anyone	Pride and Prejudice	24	0.000272860370129	4.8
haste	Northanger Abbey	12	0.0175738154404	4.0
theatre	Mansfield Park	32	0.000469985620865	3.2
acquaintances	Pride and Prejudice	11	0.0112287501327	5.5
tilneys	Northanger Abbey	45	2.09427206488e-09	9.0
walls	Northanger Abbey	13	0.0106321438785	4.33333333333
eleanor	Northanger Abbey	68	5.76695850587e-14	9.71428571429
fullerton	Northanger Abbey	28	2.32003708918e-06	9.33333333333
folding	Northanger Abbey	8	0.0195285221411	8.0
thorpe	Northanger Abbey	126	9.97697640841e-25	9.69230769231
contempt	Pride and Prejudice	12	0.0384015871793	3.0
woodston	Northanger Abbey	21	3.29841300113e-05	10.5
buildings	Persuasion	15	0.00960207876491	3.75
charles	Persuasion	152	5.062495043e-26	7.2380952381
curtain	Mansfield Park	9	0.0327125766376	4.5
novels	Northanger Abbey	10	0.00585798586358	10.0
smart	Sense and Sensibility	15	0.00376784734007	5.0
northanger	Northanger Abbey	34	3.01071737706e-07	8.5
julias	Mansfield Park	16	0.00590769480793	4.0
everything	Mansfield Park	146	1.99321068278e-08	2.21212121212
catherines	Northanger Abbey	59	5.04174559902e-11	7.375
today	Northanger Abbey	9	0.0327101551967	4.5
pulteney	Northanger Abbey	14	0.00208954254293	7.0
connections	Pride and Prejudice	18	0.00530923519292	3.6
valley	Sense and Sensibility	11	0.0286829474867	3.66666666667
cabinet	Northanger Abbey	10	0.00585798586358	10.0
thorpes	Northanger Abbey	34	3.01071737706e-07	8.5
anybody	Northanger Abbey	24	0.0326071215104	2.0
marias	Mansfield Park	12	0.0175760411212	4.0
ladyship	Pride and Prejudice	30	0.000235763546049	3.75
parsonage	Mansfield Park	48	7.59393747385e-05	2.82352941176
monstrous	Sense and Sensibility	11	0.0112287172991	5.5
beaux	Sense and Sensibility	9	0.0327118123188	4.5
barton	Sense and Sensibility	89	2.78259152154e-14	5.93333333333
allenham	Sense and Sensibility	18	0.000744485611617	6.0
mariannes	Sense and Sensibility	74	2.32630017656e-12	6.16666666667
thomass	Mansfield Park	41	2.80263128017e-06	4.55555555556
devonshire	Sense and Sensibility	26	2.97089415001e-05	6.5
charlottes	Pride and Prejudice	17	0.00359749595897	4.25
edwards	Sense and Sensibility	43	1.04655086435e-07	6.14285714286
ferrarss	Sense and Sensibility	16	0.00221178269693	5.33333333333
ay	Sense and Sensibility	10	0.0461381993768	3.33333333333
willoughby	Sense and Sensibility	181	8.02010943473e-28	6.03333333333
middleton	Sense and Sensibility	87	2.37299948456e-14	6.21428571429
fannys	Mansfield Park	109	5.20904795441e-14	4.36
marianne	Sense and Sensibility	492	3.17553993786e-73	6.07407407407
knoll	Mansfield Park	9	0.0327125766376	4.5
jenningss	Sense and Sensibility	36	1.41183782956e-06	6.0
board	Persuasion	12	0.0064679258292	6.0
plymouth	Persuasion	7	0.0351529664198	7.0
elinors	Sense and Sensibility	62	1.33704782371e-10	6.2
willoughbys	Sense and Sensibility	38	4.70531543896e-07	6.33333333333
a-year	Sense and Sensibility	17	0.0012879118085	5.66666666667
ferrars	Sense and Sensibility	114	5.17779153533e-18	6.0
colonels	Sense and Sensibility	11	0.0112287172991	5.5
dashwood	Sense and Sensibility	231	3.06693594368e-35	6.07894736842
terrible	Mansfield Park	10	0.0461393034	3.33333333333
norland	Sense and Sensibility	53	5.23269635762e-09	5.88888888889
steele	Sense and Sensibility	38	4.70531543896e-07	6.33333333333
ladyships	Pride and Prejudice	12	0.0175753908246	4.0
cleveland	Sense and Sensibility	27	1.69584278719e-05	6.75
middletons	Sense and Sensibility	33	2.12458225999e-06	6.6
lucy	Sense and Sensibility	160	1.64608161112e-24	5.92592592593
navy	Persuasion	13	0.0036913764725	6.5
debts	Pride and Prejudice	10	0.0461382814661	3.33333333333
magna	Sense and Sensibility	11	0.0112287172991	5.5
mary	Persuasion	121	3.65675185334e-16	4.65384615385
enquiries	Persuasion	9	0.0327104900989	4.5
jennings	Sense and Sensibility	199	1.98682772137e-30	6.0303030303
norfolk	Mansfield Park	17	0.00359777994522	4.25
thomas	Mansfield Park	288	5.8990444087e-35	4.43076923077
delaford	Sense and Sensibility	30	1.11665474296e-05	6.0
dashwoods	Sense and Sensibility	57	5.88589097636e-10	6.33333333333
morton	Sense and Sensibility	14	0.00208986470028	7.0
exeter	Sense and Sensibility	15	0.00376784734007	5.0
harley	Sense and Sensibility	16	0.00221178269693	5.33333333333
brandon	Sense and Sensibility	119	1.19353336485e-18	5.95
brandons	Sense and Sensibility	25	5.18116801132e-05	6.25
elinor	Sense and Sensibility	623	4.60783723958e-92	6.04854368932
sum	Sense and Sensibility	10	0.0461381993768	3.33333333333
berkeley	Sense and Sensibility	17	0.0012879118085	5.66666666667
palmers	Sense and Sensibility	22	0.000266586463225	5.5
lucys	Sense and Sensibility	26	2.97089415001e-05	6.5
eliza	Pride and Prejudice	22	0.000756425576261	4.4
steeles	Sense and Sensibility	29	1.92565032966e-05	5.8
palmer	Sense and Sensibility	65	9.00541907038e-11	5.90909090909
fanny	Mansfield Park	816	4.49057019022e-93	4.2722513089
combe	Sense and Sensibility	16	0.00221178269693	5.33333333333
margaret	Sense and Sensibility	33	7.13899277955e-06	5.5
ill-used	Persuasion	7	0.0351529664198	7.0
derbyshire	Pride and Prejudice	24	8.99242401276e-05	6.0
louisa	Persuasion	100	9.41812319677e-19	8.33333333333
lucas	Pride and Prejudice	65	9.00643695142e-11	5.90909090909
phillips	Pride and Prejudice	27	5.64825904946e-05	5.4
wickhams	Pride and Prejudice	32	3.7083557808e-06	6.4
bourgh	Pride and Prejudice	35	2.43269172995e-06	5.83333333333
denny	Pride and Prejudice	12	0.0064684962065	6.0
rosings	Pride and Prejudice	49	1.35382338272e-08	6.125
lucases	Pride and Prejudice	14	0.00208987574961	7.0
reynolds	Pride and Prejudice	10	0.0192847958274	5.0
bingleys	Pride and Prejudice	54	3.04165617623e-09	6.0
gardiners	Pride and Prejudice	19	0.000427508326723	6.33333333333
bennets	Pride and Prejudice	39	9.13886956384e-07	5.57142857143
gardiner	Pride and Prejudice	84	1.21657420232e-13	6.0
lambton	Pride and Prejudice	10	0.0192847958274	5.0
darcys	Pride and Prejudice	44	6.04094337488e-08	6.28571428571
lizzy	Pride and Prejudice	94	6.36944023761e-15	5.875
brighton	Pride and Prejudice	24	0.000272860370129	4.8
elizabeths	Pride and Prejudice	38	4.61547426454e-06	4.75
officers	Pride and Prejudice	31	2.06029937005e-05	5.16666666667
forster	Pride and Prejudice	38	4.70550036628e-07	6.33333333333
cottagers	Mansfield Park	9	0.0327125766376	4.5
collins	Pride and Prejudice	156	4.14142788989e-24	6.0
vows	Mansfield Park	13	0.0106338130915	4.33333333333
hunsford	Pride and Prejudice	25	5.18125464432e-05	6.25
collinss	Pride and Prejudice	24	8.99242401276e-05	6.0
judgement	Pride and Prejudice	11	0.0286830145316	3.66666666667
wickham	Pride and Prejudice	162	5.59041674997e-25	6.0
lydia	Pride and Prejudice	132	1.2558359241e-20	6.0
fitzwilliam	Pride and Prejudice	32	3.7083557808e-06	6.4
georgiana	Pride and Prejudice	12	0.0064684962065	6.0
bingley	Pride and Prejudice	257	1.23116996464e-38	5.97674418605
hertfordshire	Pride and Prejudice	41	3.1129516822e-07	5.85714285714
bennet	Pride and Prejudice	294	1.55316941262e-43	5.88
pemberley	Pride and Prejudice	53	5.23308788971e-09	5.88888888889
elopement	Pride and Prejudice	9	0.0327118691626	4.5
longbourn	Pride and Prejudice	88	4.77529146844e-14	5.86666666667
lydias	Pride and Prejudice	38	4.70550036628e-07	6.33333333333
kent	Pride and Prejudice	14	0.00208987574961	7.0
marys	Persuasion	18	0.00020107844233	9.0
hurst	Pride and Prejudice	32	3.7083557808e-06	6.4
shire	Pride and Prejudice	12	0.0064684962065	6.0
netherfield	Pride and Prejudice	73	4.01489483581e-12	6.08333333333
wilderness	Mansfield Park	9	0.0327125766376	4.5
darcy	Pride and Prejudice	374	2.85566084916e-55	5.93650793651
meryton	Pride and Prejudice	57	2.01203201863e-09	5.7
tenant	Persuasion	13	0.0036913764725	6.5
harville	Persuasion	63	1.12701992189e-12	9.0
admiral	Persuasion	61	2.30445815281e-10	6.1
elliots	Persuasion	41	2.19458987624e-08	8.2
kellynch	Persuasion	73	1.47010052529e-14	9.125
henrietta	Persuasion	66	8.94900114203e-13	8.25
cobb	Persuasion	14	0.00208960764538	7.0
carteret	Persuasion	11	0.00317295744772	11.0
dalrymple	Persuasion	26	7.60653804456e-06	8.66666666667
camden	Persuasion	29	1.27549583546e-06	9.66666666667
crofts	Persuasion	37	5.11283904893e-08	9.25
benwick	Persuasion	66	8.94900114203e-13	8.25
musgroves	Persuasion	60	6.58519366662e-12	8.57142857143
portsmouth	Mansfield Park	45	2.6843652204e-06	4.09090909091
charless	Persuasion	11	0.00317295744772	11.0
wentworth	Persuasion	191	3.81831935066e-35	8.68181818182
walter	Persuasion	123	2.95268869759e-23	8.78571428571
harvilles	Persuasion	30	6.99101358522e-07	10.0
walters	Persuasion	18	0.00020107844233	9.0
musgrove	Persuasion	111	7.08194484831e-21	8.53846153846
sailors	Persuasion	8	0.0195287169828	8.0
lyme	Persuasion	67	4.99746541121e-13	8.375
russells	Persuasion	30	6.99101358522e-07	10.0
wentworths	Persuasion	27	4.20812128796e-06	9.0
lieutenant	Mansfield Park	13	0.0106338130915	4.33333333333
croft	Persuasion	45	2.095031476e-09	9.0
russell	Persuasion	118	5.51130632484e-22	8.42857142857
hayter	Persuasion	37	5.11283904893e-08	9.25
uppercross	Persuasion	77	6.61382614797e-15	8.55555555556
shepherd	Persuasion	27	4.20812128796e-06	9.0
winthrop	Persuasion	11	0.00317295744772	11.0
elliot	Persuasion	254	2.01815717633e-46	8.75862068966
ecclesford	Mansfield Park	11	0.0112291588842	5.5
rushworths	Mansfield Park	39	7.60038387698e-06	4.33333333333
wimpole	Mansfield Park	10	0.0192853460886	5.0
dockyard	Mansfield Park	10	0.0192853460886	5.0
crawford	Mansfield Park	493	1.19379692403e-59	4.52293577982
fraser	Mansfield Park	11	0.0112291588842	5.5
lacey	Mansfield Park	19	0.0012992999649	4.75
norriss	Mansfield Park	24	0.000272906968824	4.8
thrush	Mansfield Park	17	0.00359777994522	4.25
rebecca	Mansfield Park	16	0.00590769480793	4.0
edmunds	Mansfield Park	47	3.74860256567e-07	4.7
chain	Mansfield Park	11	0.0112291588842	5.5
rushworth	Mansfield Park	185	2.37129905819e-23	4.51219512195
betsey	Mansfield Park	30	9.54609446175e-05	4.28571428571
bertrams	Mansfield Park	66	4.29545655325e-09	4.4
northamptonshire	Mansfield Park	16	0.00590769480793	4.0
thornton	Mansfield Park	22	0.000756528834152	4.4
norris	Mansfield Park	185	2.37129905819e-23	4.51219512195
amelia	Mansfield Park	16	0.00590769480793	4.0
rehearsal	Mansfield Park	14	0.00636177961442	4.66666666667
grants	Mansfield Park	28	9.74908499633e-05	4.66666666667
agatha	Mansfield Park	16	0.00590769480793	4.0
edmund	Mansfield Park	365	1.83178293684e-44	4.50617283951
prices	Mansfield Park	16	0.00590769480793	4.0
anhalt	Mansfield Park	16	0.00590769480793	4.0
crawfords	Mansfield Park	127	1.43443675115e-16	4.53571428571
yates	Mansfield Park	58	3.12490992538e-08	4.46153846154
julia	Mansfield Park	121	1.02603337669e-15	4.48148148148
bertram	Mansfield Park	241	4.00332341346e-30	4.54716981132
everingham	Mansfield Park	17	0.00359777994522	4.25
sotherton	Mansfield Park	54	8.44940518944e-08	4.5
susan	Mansfield Park	65	2.58703082568e-09	4.64285714286
mansfield	Mansfield Park	183	6.3744017742e-23	4.46341463415
necklace	Mansfield Park	25	0.000438713992484	4.16666666667
